{"cameraMode":{"drawMode":0,"name":"Shaded","section":"Shading Mode"},"sceneLighting":false,"audioPlay":false,"sceneViewState":{"showFog":false,"showMaterialUpdate":false,"showSkybox":false,"showFlares":false,"showImageEffects":false,"showParticleSystems":false},"in2DMode":false,"pivot":{"x":-0.00019210577011108398,"y":1.5130300521850587,"z":8.940696716308594e-7},"rotation":{"x":0.04248497635126114,"y":0.8167968988418579,"z":0.06062072515487671,"w":-0.5721782445907593},"size":1.9709786176681519,"orthographic":false}