{"cameraMode":{"drawMode":0,"name":"Shaded","section":"Shading Mode"},"sceneLighting":false,"audioPlay":false,"sceneViewState":{"showFog":false,"showMaterialUpdate":false,"showSkybox":false,"showFlares":false,"showImageEffects":false,"showParticleSystems":false},"in2DMode":false,"pivot":{"x":-2.5436344146728517,"y":-0.03749006614089012,"z":-1.4493277072906495},"rotation":{"x":-0.0371951200067997,"y":0.7729606628417969,"z":-0.04550996050238609,"w":-0.631738543510437},"size":1.9709786176681519,"orthographic":false}