{"cameraMode":{"drawMode":0,"name":"Shaded","section":"Shading Mode"},"sceneLighting":false,"audioPlay":false,"sceneViewState":{"showFog":false,"showMaterialUpdate":false,"showSkybox":false,"showFlares":false,"showImageEffects":false,"showParticleSystems":false},"in2DMode":false,"pivot":{"x":0.8828524351119995,"y":-0.201612189412117,"z":-3.0295181274414064},"rotation":{"x":0.1959109902381897,"y":0.20254173874855042,"z":0.04137709364295006,"w":-0.9585978984832764},"size":1.7443348169326783,"orthographic":false}