{"cameraMode":{"drawMode":0,"name":"Shaded","section":"Shading Mode"},"sceneLighting":false,"audioPlay":false,"sceneViewState":{"showFog":false,"showMaterialUpdate":false,"showSkybox":false,"showFlares":false,"showImageEffects":false,"showParticleSystems":false},"in2DMode":false,"pivot":{"x":-0.8980914950370789,"y":-0.5002310276031494,"z":1.6805698871612549},"rotation":{"x":-0.11813774704933167,"y":0.2321832925081253,"z":-0.028444703668355943,"w":-0.9650915861129761},"size":0.6164414286613464,"orthographic":false}