{"cameraMode":{"drawMode":0,"name":"Shaded","section":"Shading Mode"},"sceneLighting":false,"audioPlay":false,"sceneViewState":{"showFog":false,"showMaterialUpdate":false,"showSkybox":false,"showFlares":false,"showImageEffects":false,"showParticleSystems":false},"in2DMode":false,"pivot":{"x":2.916363477706909,"y":2.475475788116455,"z":0.6881920099258423},"rotation":{"x":-0.2458343505859375,"y":0.6484009027481079,"z":0.23389388620853425,"w":0.6815297603607178},"size":1.2247449159622193,"orthographic":false}