{"cameraMode":{"drawMode":0,"name":"Shaded","section":"Shading Mode"},"sceneLighting":false,"audioPlay":false,"sceneViewState":{"showFog":false,"showMaterialUpdate":false,"showSkybox":false,"showFlares":false,"showImageEffects":false,"showParticleSystems":false},"in2DMode":false,"pivot":{"x":-57.99522018432617,"y":-145.23147583007813,"z":428.733642578125},"rotation":{"x":0.162723109126091,"y":-0.06624597311019898,"z":0.01094120554625988,"w":0.9844570159912109},"size":116.09014129638672,"orthographic":false}