{"cameraMode":{"drawMode":0,"name":"Shaded","section":"Shading Mode"},"sceneLighting":false,"audioPlay":false,"sceneViewState":{"showFog":false,"showMaterialUpdate":false,"showSkybox":false,"showFlares":false,"showImageEffects":false,"showParticleSystems":false},"in2DMode":false,"pivot":{"x":-0.08252884447574616,"y":-0.09855017066001892,"z":0.39956972002983096},"rotation":{"x":-0.16611520946025849,"y":-0.1277153342962265,"z":0.02167801558971405,"w":-0.9776020050048828},"size":0.17320507764816285,"orthographic":false}